,AAPL,AMZN,CAT,CVX,GS,HD,JNJ,JPM,KO,LIN,MSFT,NEE,NVDA,PG,UNH,XOM
2012-01-31,0.20000000005113708,0.023684338036300646,0.1999999978141797,0.0,0.0,0.19999999975193514,0.0,0.0,0.17561928363390994,0.0,0.0,0.08466275408627374,0.0,0.0,0.11603362662626372,0.0
2012-02-29,0.2000000014751716,0.0,0.11444263499013885,0.0,0.0,0.14212124729434908,0.0,0.0,0.20000000058102205,0.0,0.0,0.1866830491536052,0.0,0.0,0.1567530665057132,0.0
2012-03-30,0.20000000057379208,3.9849752997216605e-06,0.0,0.0,0.0,0.19999997298735314,0.0,0.0,0.20000000001672727,0.0,0.0,0.19999604180140484,0.0,0.0,0.199999999645423,0.0
2012-04-30,0.20000000063453818,0.06619135091271482,0.0,0.0,0.0,0.13380812825918034,0.0,0.0,0.20000000053333036,5.255677104635743e-07,0.0,0.19999999372595034,0.0,0.0,0.20000000036657548,0.0
2012-05-31,0.2000000005479205,0.0678641153657195,0.0,0.0,0.0,0.1321358824928308,0.0,0.0,0.20000000054298045,0.0,0.0,0.20000000052353456,0.0,0.0,0.2000000005270142,0.0
2012-06-29,0.200000000973207,0.05406428420169984,0.0,0.0,0.0,0.19380740447187966,0.0,0.0,0.2000000001466558,0.0,0.0,0.1807796154473895,0.0,0.0,0.17134869475916825,0.0
2012-07-31,0.20000000071641832,0.10414569786418919,0.0,0.0,0.0,0.2000000005489753,0.02905496970885409,0.0,0.2000000006666255,0.0,0.0,0.2000000006127862,0.0,0.0,0.06679932988215137,0.0
2012-08-31,0.20000000099588036,0.07883030774065314,0.0,0.0,0.0,0.20000000085444472,0.0,0.0,0.20000000040236227,0.0,0.0,0.15919505864704617,0.0,0.07833655220544564,0.0836380791541677,0.0
2012-09-28,0.20000000013990335,0.03451454990319908,0.0,0.0,0.0,0.19999999994901166,0.0,0.0,0.18683942917596535,0.0,0.0,0.19999999940833169,0.0,0.10658056965356698,0.04214996754638728,0.029915484223634662
2012-10-31,0.20000000104556764,0.010394910096355556,0.0,0.0,0.0,0.20000000102852297,0.0,0.0,0.17521340758274923,0.0,0.0,0.20000000079327976,0.0,0.06037656887613636,0.13101639903073944,0.022998711546649016
2012-11-30,0.2000000000016507,0.026834259396377635,0.0,0.0,0.0,0.2000000000061008,0.026459378064508345,0.0,0.08205541922937909,0.0,0.0,0.200000000000305,0.0,0.19999999968598356,0.06465094361569479,0.0
2012-12-31,0.19999999999633575,0.026173869391732784,0.0,0.0,0.0,0.2000000000023373,0.15352988837028736,0.0,0.0,0.0,0.0,0.2000000000012837,0.0,0.043378321370513916,0.17691792086750915,0.0
2013-01-31,0.07842249833334461,0.08837320133573069,0.0,0.0,0.0,0.2000000001032225,0.2000000000577219,0.0,0.0,0.0,0.0,0.20000000009796134,0.0,0.19636512077623114,0.03683917929578782,0.0
2013-02-28,0.02214277805479263,0.0859970344174523,0.0,0.0,0.0,0.20000000000258997,0.1999999999703342,0.0,0.09186018761069162,0.0,0.0,0.19999999998465934,0.0,0.19999999995948,0.0,0.0
2013-03-28,0.014020789221478903,0.07845644678562098,0.0,0.0,0.0,0.20000000071529914,0.2000000005222004,0.0,0.10752276222782906,0.0,0.0,0.20000000045035227,0.0,0.20000000007721921,0.0,0.0
2013-04-30,0.03571419332892357,0.012693204505794604,0.0,0.0,0.0,0.20000000000652463,0.1999999999912232,0.0,0.15000000058705318,0.0,0.0015926022998879982,0.20000000000272575,0.0,0.19999999927786713,0.0,0.0
2013-05-31,0.06225782089031857,0.022946384748376666,0.0,0.0,0.0,0.20000000057366754,0.2000000005146063,0.0,0.0,0.0,0.1590601168292251,0.20000000055008288,0.0,0.15573567589372286,0.0,0.0
2013-06-28,0.009925013762140156,0.03422288928118884,0.0,0.0,0.0,0.200000001130847,0.200000000119579,0.0,0.032640201878193234,0.0,0.12321189491061971,0.20000000062777146,0.0,0.1999999982896605,0.0,0.0
2013-07-31,0.017885825387297608,0.04019083560829582,0.0,0.0,0.0,0.20000000007951665,0.20000000006855342,0.0,0.015546704901861462,0.0,0.0,0.20000000007215635,0.0,0.20000000004993662,0.12637663383238218,0.0
2013-08-30,0.038282302348446304,0.024878461067970113,0.0,0.0,0.0,0.20000000003851995,0.200000000038691,0.0,0.0,0.0,0.02045619166441005,0.20000000002609455,0.0,0.16949720557225226,0.14688583924361576,0.0
2013-09-30,0.021201460290243113,0.03935417827737685,0.0,0.0,1.78908736180605e-08,0.2000000027815183,0.20000000204583654,0.011014631621068284,0.0,0.0,0.040436390245855845,0.20000000251295325,0.0,0.14972831041624537,0.13826500391802887,0.0
2013-10-31,0.04738890117049364,0.07853740777852303,0.0,0.0,0.0,0.20000000101899684,0.2000000007335508,0.0,0.0,0.0,0.02318213731665516,0.20000000081494415,0.0,0.15521708816045343,0.095674463006383,0.0
2013-11-29,0.047552089188217704,0.07828707322708481,0.0,0.0,0.0,0.20000000041225927,0.20000000045134692,0.04343262709522282,0.0,0.0,0.029696171729850063,0.20000000057363745,0.0,0.09856053260152166,0.10247150472085925,0.0
2013-12-31,0.045180127035273326,0.12853167707412747,0.0,0.0,0.0587608920792863,0.20000000000978135,0.19999999999218382,0.039740502841407774,0.0,0.0,0.011628678394429728,0.19999999998212753,0.0,0.02371492814396321,0.09244319444741944,0.0
2014-01-31,0.010013583114142686,0.10583504883146838,0.0,0.0,0.0,0.20000000000930468,0.1999999999849867,0.04484260854287679,0.0,0.0,0.012648727998475297,0.2000000000232393,0.0,0.10953542020238524,0.11712461129312086,0.0
2014-02-28,0.0,0.14425935940360843,0.0,0.0,0.0,0.2000000039941267,0.20000000396017487,0.04344446688748849,0.0,0.0,0.0,0.20000000399344361,0.0,0.10005843031892749,0.11223773144223044,0.0
2014-03-31,0.0,0.07648168795679784,0.0,0.0,0.0,0.20000000023560044,0.2000000005233557,0.0,0.0,0.0,0.025885292821575572,0.2000000005731483,0.01656008438062707,0.13107293350424137,0.1500000000046536,0.0
2014-04-30,0.0,0.04422778905515385,0.0,0.0,0.0,0.20000000015187333,0.200000000187634,0.0,0.0,0.0,0.008069650089053707,0.20000000018777211,0.09123288394549113,0.18133034367167417,0.07513933271134783,0.0
2014-05-30,0.011409714990329662,0.0,0.0,0.0,0.005667434033493199,0.19999999992402365,0.20000000003147972,0.0944669370701567,0.0,0.0,0.020585135707654967,0.20000000002461218,0.07493216113383001,0.11800943902317064,0.07492917806124928,0.0
2014-06-30,0.00899474202941687,0.0,0.0,0.0,0.1385314660931585,0.18944344135464722,0.20000000148225833,0.007629070970239839,0.0,0.0,0.018375938802642492,0.2000000014161913,0.058378144774528844,0.11944742778148008,0.059199765295436656,0.0
2014-07-31,0.013554315960447136,0.0,0.0,0.0,0.10306087261567962,0.19999999981738545,0.20000000002668136,0.04556257088517619,0.0,0.0,0.09008221868725558,0.19999999756385117,0.00748699379270245,0.0,0.1402530306508211,0.0
2014-08-29,0.0,0.0,0.0,0.0,0.06535057539584319,0.20000000000177146,0.20000000059702666,0.04757033663750557,0.0,0.0,0.0865546105185472,0.20000000054549288,0.019152595940581642,0.03137355468959218,0.14999832567363913,0.0
2014-09-30,0.0,0.0,0.0,0.0,0.059104176527892946,0.19999999935216173,0.20000000008465346,0.01626657701190673,0.0,0.0,0.1200848381599615,0.19982355538647972,0.04400276437023512,0.010718093723361107,0.14999999538334763,0.0
2014-10-31,0.03103658188218379,0.0,0.0,0.0,0.0,0.1763897612667903,0.20000000044253613,0.0,0.0,0.0,0.11218002421124551,0.19999999598996934,0.09607866730062424,0.03431497467782265,0.14999999422882804,0.0
2014-11-28,0.07664927613189491,0.0,0.0,0.0,0.0,0.09768187409839746,0.187013021874802,0.0,0.0,0.0,0.11918004228106696,0.20000000002777046,0.09661347160554558,0.05987533547522746,0.16298697850529512,0.0
2014-12-31,0.07291478720376574,0.0,0.0,0.0,0.0,0.19140434646081747,0.1012280868539485,0.0,0.0,0.0,0.10586870512843129,0.19999993642859135,0.057216840589697684,0.0840817352040583,0.18728556213068973,0.0
2015-01-30,0.19999999986431005,0.0,0.0,0.0,0.0,0.17712067565611123,0.1161886183752998,0.0,0.0,0.0,0.038287177710927996,0.2000000000335752,0.06840352838149122,0.0,0.19999999997828458,0.0
2015-02-27,0.20000000027527046,6.086719206767315e-08,0.0,0.0,0.0,0.20000000010430535,0.05000898490336248,0.0,0.0,0.0,0.05558076435930975,0.20000000044409588,0.09441018864373664,0.0,0.20000000040272733,0.0
2015-03-31,0.20000000236938706,0.020529986777098178,0.0,0.0,0.0,0.20000000140093302,0.02947000684158073,0.0,0.0,0.0,0.03400900331284538,0.19999999968306043,0.11599099732379184,0.0,0.20000000229130332,0.0
2015-04-30,0.20000000028382028,0.07829433030127986,0.0,0.0,0.0,0.2000000002348513,0.0,0.0,0.0,0.0,0.05098787924678899,0.17170566872614818,0.09901212091992238,0.0,0.20000000028718892,0.0
2015-05-29,0.20000000033420792,0.07951643150449622,0.0,0.0,0.0,0.17048362646446247,0.0,0.0,0.0,0.0,0.03626075448802967,0.20000000030591522,0.11373918657190774,0.0,0.20000000033098075,0.0
2015-06-30,0.20000000027416437,0.0672667908702677,0.0,0.0,0.06800787441162476,0.20000000018774677,0.0,0.0,0.0,0.0,0.013566239815386036,0.17670981534092714,0.07444927885235121,0.0,0.20000000024753203,0.0
2015-07-31,0.20000000001757923,0.10892785383727745,0.0,0.0,0.0,0.19999999997408632,0.0,0.0,0.0,0.0,0.11378505934313675,0.14970607233412034,0.027581014472558705,0.0,0.20000000002124116,0.0
2015-08-31,0.20000000106282664,0.1338366822388433,0.0,0.0,0.0,0.20000000169278093,0.0,0.0,0.0,0.0,0.0,0.17690023069387484,0.08926308289693399,0.0,0.2000000014147403,0.0
2015-09-30,0.1999999997326211,0.09220704930697199,0.0,0.0,0.0,0.20000000020172992,0.0,0.0,0.0,0.0,1.4147008125462381e-08,0.18998020541176536,0.11781273151694302,0.0,0.19999999968296045,0.0
2015-10-30,0.15813647312803775,0.10104324004489205,0.0,0.0,0.0,0.20000000120091524,0.0,0.0,3.3944145772674895e-08,0.0,0.015913095387440155,0.14895672297121385,0.17595043291076362,0.0,0.20000000041259153,0.0
2015-11-30,0.13271592333267926,0.1095447185822153,0.0,0.0,0.0,0.20000000021317257,0.0,0.0,0.0,0.0,0.017284074718494115,0.1567484323868457,0.20000000005131172,0.0,0.18370685071528134,0.0
2015-12-31,0.0,0.10805563499176872,0.0,0.0,0.0,0.20000000000734483,0.0,0.0,0.0,0.0,0.09424587063322747,0.19769849438445106,0.2000000000058978,0.0,0.19999999997731002,0.0
2016-01-29,1.1685327818468571e-08,0.056470352360746906,0.0,0.0,0.0,0.20000000000394802,0.0,0.0,0.06815332399707284,0.0,0.07537631367378372,0.1999999986418076,0.19999999976297822,0.0,0.1999999998743349,0.0
2016-02-29,0.0,0.09067024257996482,0.0,0.0,0.0,0.20000000014076502,0.0,0.0,0.13759429937914525,0.0,0.0,0.19999999974425264,0.17173545806018206,0.0,0.2000000000956902,0.0
2016-03-31,0.0,0.10626180323406981,0.0,0.0,0.0,0.20000000011284333,0.0,0.0,0.1941145411230152,0.0,0.0,0.1316936290654515,0.19919119729427873,0.0,0.16873882917034147,0.0
2016-04-29,0.0,0.16849869276748533,0.0,0.0,0.0,0.18150130783993337,0.0,0.0,0.07612258763584157,0.0,0.0,0.1738774129976975,0.19999999859419168,0.0,0.2000000001648506,0.0
2016-05-31,0.0,0.1978238511615324,0.0,0.0,0.0,0.15217615028393766,0.0,0.0,0.04999999725942377,0.0,0.0,0.20000000051015648,0.20000000066838547,0.0,0.2000000001165642,0.0
2016-06-30,0.0,0.19752853727482725,0.0,0.0,0.0,0.15247146312113122,0.0,0.0,0.0499999989793029,0.0,0.0,0.200000000128719,0.20000000029223156,0.0,0.200000000203788,0.0
2016-07-29,0.0,0.19966857892079373,0.0,0.0,0.0,0.1503314225131545,2.614435380162687e-08,0.0,0.049999970789235466,0.0,0.0,0.19999999964263987,0.2000000009807775,0.0,0.2000000010090451,0.0
2016-08-31,0.0,0.2000000004164215,0.0,0.0,0.0,0.15000000059411456,1.0135945413564912e-07,0.0,0.04999989613805612,0.0,0.0,0.20000000031073606,0.2000000006076969,0.0,0.20000000057352071,0.0
2016-09-30,0.0,0.2000000041589182,0.0,0.0,0.0,0.14999977382477903,1.193493186625503e-07,0.0,5.4692328223885746e-08,0.0,0.0,0.20000000272153193,0.20000000598151974,0.0500000427569571,0.19999999651464706,0.0
2016-10-31,0.0,0.20000000032136683,0.0,0.0,0.0,0.07776452880926689,0.055421859408096644,0.0,0.06681361079745805,0.0,0.0,0.20000000024705586,0.20000000033075005,0.0,0.20000000008600582,0.0
2016-11-30,0.0,0.20000000033247503,0.0,0.0,0.0,0.12743464274003968,0.0,0.07444462331247449,0.0,0.0,0.0,0.1981207330201221,0.20000000044391822,0.0,0.20000000015097052,0.0
2016-12-30,0.0,0.20000000060850653,0.0,0.0,0.0,0.021535067214323654,0.07061303453332286,0.1078518976533854,0.0,0.0,0.0,0.1999999989562796,0.20000000072470508,0.0,0.20000000030947693,0.0
2017-01-31,0.0,0.20000000083343228,2.892896092099022e-07,0.0,0.0,0.0,3.126174620119086e-08,0.1999999830212118,0.0,0.0,0.006845300380624022,0.19315439438415447,0.20000000090719688,0.0,0.19999999992202513,0.0
2017-02-28,0.0,0.20000000131226114,0.0,0.0,0.0,0.0,0.11181700646633413,0.13858537270791788,0.0,0.0,0.0,0.20000000103158908,0.20000000245969363,0.0,0.14959761602220414,0.0
2017-03-31,0.0,0.20000000250753233,0.0,0.0,0.0,0.0,0.20000000233556522,0.09660226008510389,0.0,0.0,0.0,0.20000000253585937,0.2000000025544779,0.0,0.10339772998146128,0.0
2017-04-28,0.0,0.1999999997387392,0.0,0.0,0.0,0.09397454600419233,0.12039880583649407,0.0,0.0,0.0,0.0,0.20000000036478668,0.20000000061847734,0.0,0.18562664743731047,0.0
2017-05-31,0.0,0.20000000041416233,0.012326290959350152,0.0,0.0,0.05202978734327491,0.19999999601028376,0.0,0.0,0.0,0.0,0.20000000194691264,0.2000000030028426,0.0,0.1356439203231735,0.0
2017-06-30,0.0,0.18786471654557035,0.031021195380681044,0.0,0.0,0.031112622381581894,0.200000002046652,0.0,1.4566008077088698e-06,0.0,0.0,0.20000000251763211,0.20000000276622162,0.0,0.15000000176085324,0.0
2017-07-31,0.0,0.08541566781219719,0.10777862131603352,0.0,0.0,0.0,0.18688006852698005,0.0,0.018758252700204738,0.0,0.0,0.20000000461965461,0.20000000659147238,0.03804744076371076,0.16311993766974675,0.0
2017-08-31,0.0,0.05553051756341311,0.06765423228261219,0.0,0.0,0.0,0.17569096517694605,0.0,0.0,0.0,1.1783448934471694e-08,0.20000000222234623,0.20000000047559574,0.12681523145262114,0.17430903904301664,0.0
2017-09-29,0.0,0.04254466848086331,0.14895963743448515,0.005852530265888999,0.0,0.038527113111780614,0.1747728486917911,0.0,0.0,0.0,0.0,0.20000000141191074,0.18874428829367687,0.025371758023732503,0.1752271542858708,0.0
2017-10-31,0.0,0.03362818373208281,0.17454324860901935,0.0,0.0,0.041828557480193686,0.1549116943196982,0.0,0.0,0.0,0.0,0.20000000306459614,0.20000000190102085,0.0,0.19508831089338885,0.0
2017-11-30,0.0,0.025306647834846874,0.1851732266533012,0.0,0.0,0.029562192727707527,0.1500000002035381,0.0,0.0,0.0012577564236466877,0.0,0.20000000029863402,0.17064869296076357,0.038051482630392035,0.2000000002671701,0.0
2017-12-29,3.4199706155192054e-08,0.0028673135487659904,0.19999999996959075,0.0076655072829478815,0.0,0.06980598193926407,0.15000000466032382,0.0,0.0,0.025764532397796615,0.0,0.2000000012912712,0.1438966269527567,0.0,0.19999999775757685,0.0
2018-01-31,0.0,0.08310945437743057,0.17018812170591208,0.006150661645430126,0.0,0.060408897975178,0.10021867259257848,0.062234836855448915,0.0,0.0,0.0,0.19999991391069102,0.12502734338920585,0.0,0.19266209754812508,0.0
2018-02-28,0.0,0.1837248035755285,0.12088833876448439,0.0,0.0,0.0,0.0,0.18554046468846938,0.0,0.0,0.0,0.19999999986721573,0.14392886502803515,0.0,0.1659175280762667,0.0
2018-03-29,0.0,0.19469990817175648,0.08355161701742933,0.0,0.0,0.0,0.0,0.20000000007213117,0.0,0.0,0.0,0.20000000005427812,0.16764779757178977,0.0,0.15410067711261513,0.0
2018-04-30,0.008111065886286944,0.19999995411369667,0.05732025680431784,0.0,0.0,0.0,0.0,0.17428426172158054,0.0,0.0,0.0,0.20000000048283958,0.16028446056962115,0.0,0.20000000042165725,0.0
2018-05-31,0.09398858226972491,0.12569976257068544,0.1482967345168959,0.0,0.0,0.0,0.0,0.08556461209868728,0.0,0.0,0.0,0.20000000227319148,0.1464503051535235,0.0,0.20000000111729158,0.0
2018-06-29,0.11465721715842307,0.14601461112665948,0.028571750673285413,0.0,0.0,0.04114355939735041,0.0,0.19311736883175362,0.0,0.0,0.0,0.1999999994210749,0.1191430066369725,0.0,0.15735248675448063,0.0
2018-07-31,0.08777904204732363,0.1708868674856353,0.02089571558271822,0.0,0.0,0.01543997863653314,0.0,0.2000000015741472,0.0,0.0,0.0,0.20000000150569203,0.10501090630110879,0.0,0.19998748686684165,0.0
2018-08-31,0.15240179941778192,0.1588759823976667,1.9621640509675838e-08,0.0,0.0,0.032126912690939646,0.0,0.1709725678176525,0.0,0.0,0.0,0.20000000107957822,0.08562274365599021,0.0,0.19999997331875022,0.0
2018-09-28,0.09607273743233116,0.13845759797731202,0.007138592449693973,0.0,0.0,0.13160863303131168,0.0,0.14753222196456225,0.0,0.0,0.0,0.2000000001058919,0.08604506197947977,0.0,0.19314515505941726,0.0
2018-10-31,0.19999999979945415,0.05544127928598675,0.0,0.0,0.0,0.08641248863724907,0.0,0.1810481679159989,0.02090910930635744,0.0,0.0,0.20000000009541016,0.05618895489929021,0.0,0.20000000006025323,0.0
2018-11-30,0.05937918162703535,0.14537851681659106,0.0,0.0,0.0,0.07862135577404261,0.014324944769636047,0.13035739845796954,0.17193860143867337,0.0,0.0,0.20000000057164058,0.0,0.0,0.20000000054441142,0.0
2018-12-31,0.0,0.19594353510052143,0.0,0.0,0.0,0.03790736964897553,0.0,0.0,0.19999999979475794,0.1081171579415718,0.037161494636109356,0.2000000001886155,0.0,0.020870442592000788,0.20000000009744764,0.0
2019-01-31,0.0,0.20000000049517858,0.0,0.0,0.0,0.04223194673617791,0.0,0.0,0.20000000078971916,0.13269164790517812,0.0,0.2000000008684468,0.0,0.025076402453665898,0.20000000075163363,0.0
2019-02-28,0.0,0.1390526175663491,0.0,0.0,0.0,0.0,0.0,0.0,0.06375281005787807,0.19999999981456662,0.18909244589163535,0.20000000062339646,0.0,0.03113153312603958,0.17697059292013484,0.0
2019-03-29,0.0,0.16089083579230454,0.0,0.0,0.0,1.1000182129824848e-08,0.0,0.0,0.0,0.19999999590932285,0.16306978786697868,0.20000000203442073,0.0,0.13645256875280012,0.13958679864399093,0.0
2019-04-30,0.0,0.14756686861095938,0.0,0.0,0.0,0.0,0.0,0.08850402221406518,0.023049693385882725,0.14087941421374714,0.2000000006272017,0.2000000008402596,0.0,0.20000000010788432,0.0,0.0
2019-05-31,0.0,0.09866444923607687,0.0,0.0,0.0,0.0,0.0,0.08580195244493757,0.0,0.13696463753720078,0.20000000000078347,0.20000000000734433,0.0,0.19999999143739558,0.07856896933626151,0.0
2019-06-28,0.0,0.11311076604403662,0.0,0.0,0.0,0.07247847473578052,0.0,0.014410757990769569,0.0,0.20000000008585092,0.20000000038781568,0.20000000042002522,0.0,0.20000000033572157,0.0,0.0
2019-07-31,0.0,0.0716625216418934,0.0,0.0,0.0,0.17212405872688247,0.0,0.012626126650240118,0.0,0.14358728987543906,0.20000000103321333,0.20000000110849853,0.0,0.20000000096383316,0.0,0.0
2019-08-30,0.0,0.060095187988361304,0.0,0.0,0.0,0.18610092834322314,0.0,0.0,0.0313577549685169,0.12724475205562627,0.19999999984112996,0.20000000002333754,0.0,0.19520137677980498,0.0,0.0
2019-09-30,0.0,0.06666409660891329,0.0,0.0,0.0,0.13540148422730608,0.0,0.0,0.09631657676445557,0.10161783651364359,0.20000000195297038,0.2000000022881012,0.0,0.20000000164460988,0.0,0.0
2019-10-31,0.03671843912533179,0.011520461306861681,0.0,0.0,0.0,0.18232462774945754,0.0,2.5397880075900133e-07,0.07844814505682762,0.09098807301589636,0.19999999953758849,0.20000000017227954,0.0,0.20000000005695628,0.0,0.0
2019-11-29,0.08565894015924387,0.0,0.0,0.0,0.0,0.0,0.0,0.12616654026124813,0.08897606426658904,0.06508032458313624,0.20000000018885164,0.20000000034764231,0.0,0.20000000021348757,0.034118129979801286,0.0
2019-12-31,0.149999999148157,0.0,0.0,0.0,0.0,0.0,0.0,0.048234009789409574,0.10487671778712282,0.07170315325406865,0.1999999999786556,0.20000000001317916,0.0,0.19999999998111812,0.02518612004828903,0.0
2020-01-31,0.16733664920326502,0.0,0.0,0.0,0.0,0.0,0.0,0.01207529784719522,0.14999999996877994,0.08792454833853743,0.1826633508815105,0.20000000007203728,0.0,0.20000000000922605,1.5367944867302204e-07,0.0
2020-02-28,0.14999999904484712,0.0,0.0,0.0,0.0,0.009215276110064622,0.0,0.0,0.1500000000100614,0.09078472480155352,0.1999999999943654,0.200000000024288,0.0,0.2000000000148199,0.0,0.0
2020-03-31,0.15000000000116148,0.1999999997539187,0.0,0.0,0.0,0.0,0.0,0.0,0.0,0.05000000023909001,0.20000000000103516,0.2000000000026457,0.0,0.20000000000214904,0.0,0.0
2020-04-30,0.15000000012830134,0.20000000006061833,0.0,0.0,0.0,0.0,0.049999999456542134,0.0,0.0,0.0,0.20000000008634888,0.20000000012360836,0.0,0.20000000014458097,0.0,0.0
2020-05-29,0.15000000026838084,0.20000000032414098,0.0,0.0,0.0,0.0,0.04999999832211955,0.0,0.0,0.0,0.2000000003595127,0.2000000003625759,0.0,0.20000000036327006,0.0,0.0
2020-06-30,0.1500000025812787,0.19999999661019524,0.0,0.0,0.0,0.0,0.0,0.0,0.0,0.05000000550515448,0.19999999649345443,0.1999999999268953,0.0,0.1999999988830218,0.0,0.0
2020-07-31,0.19999999581978606,0.19999999779786273,0.0,0.0,0.0,0.0,0.0,0.0,0.0,0.05000000688433622,0.15000000004594893,0.19999999957341308,0.0,0.19999999987865308,0.0,0.0
2020-08-31,0.19999999985464298,0.17725344746453237,0.0,0.0,0.0,0.0,0.0,0.0,0.0,0.07274655502681228,0.14999999807299802,0.19999999971115562,0.0,0.19999999986985872,0.0,0.0
2020-09-30,0.20000000005236096,0.13520434095731934,0.0,0.0,0.0,0.0,0.0,0.0,0.0,0.11479566171502147,0.12588599524549896,0.1999999998012774,0.024114002277651442,0.19999999995087048,0.0,0.0
2020-10-30,0.16977525799111223,0.20000000113805544,0.0,0.0,0.0,0.04999999445845516,0.0,0.0,0.0,0.0,0.024000778380086057,0.2000000011968651,0.1562239657049231,0.20000000113050284,0.0,0.0
2020-11-30,0.1615526471745202,0.199999999878032,0.0,0.0,0.0,0.0,0.0,0.0,0.0,0.08841003391919648,0.0,0.19999999998293463,0.18844735283619873,0.16158996620911795,0.0,0.0
2020-12-31,0.20000000003112473,0.20000000003441565,0.0,0.0,0.0,0.0,0.0,0.0,0.0,0.07333577392780456,0.0,0.20000000001154136,0.15000000005890607,0.17666422593620779,0.0,0.0
2021-01-29,0.19999999600148177,0.20000000029920187,0.07300757970795692,0.0,0.0,0.0,0.00911907853761438,0.0,0.0,0.03247565641795978,0.0,0.2000000005188627,0.15000000504651712,0.13539768347040532,0.0,0.0
2021-02-26,0.15113099681748204,0.20000000011919963,0.19999999925836878,0.0,0.011669052390478055,0.0,0.0,0.0,0.0,0.0,0.0,0.20000000009938784,0.1988690033965425,0.038330947918541074,0.0,0.0
2021-03-31,0.19999999940316468,0.20000000012317123,0.20000000041776014,0.0,6.336480105399642e-08,0.0,0.0,0.0,0.0,0.049999934858968496,0.0,0.20000000004188806,0.1500000017902463,0.0,0.0,0.0
2021-04-30,0.1500000023531795,0.1999999992188691,0.19999998058725818,0.0,0.0,0.0,0.0,0.0,0.0,0.0,0.0,0.19999924843333963,0.20000000006241622,0.0,0.0500007693449374,0.0
2021-05-28,0.1500000008409108,0.20000000064209741,0.20000000109573854,0.0,0.12204459981738726,0.0,0.06407905867691165,0.0,0.0,0.0,0.0,0.06387633778954875,0.20000000113740565,0.0,0.0,0.0
2021-06-30,0.15000000211106712,0.20000000251591715,0.19999999828529452,0.0,0.11085252772085624,0.0,0.0,0.0,0.0,0.0,0.0,0.09471672431683702,0.20000000314673935,0.0,0.044430741903288544,0.0
2021-07-30,0.1500000000252485,0.19999999981769828,0.18160123494832997,0.0,3.047116411235663e-08,0.0,0.1561171479504439,0.0,0.0,0.02241425965247074,0.0,0.08542769802262014,0.200000000080792,0.0,0.004439629031232405,0.0
2021-08-31,0.15000000001435027,0.20000000000186038,0.1999999926588931,0.0,0.09444962827497233,0.0,0.1258915807274353,0.0,0.0,0.0,0.0,0.02965796068516856,0.20000000006252527,0.0,8.375747947581e-07,0.0
2021-09-30,0.1500000001273342,0.2000000002474625,0.1643207351021013,0.0,0.11374779126102141,0.0,0.017111828869839807,0.0,0.0,0.0,0.0,0.0,0.200000000280186,0.0,0.15481964411205473,0.0
2021-10-29,0.1500000005152765,0.20000000108520757,0.03451367390954068,0.0,0.19495720918538934,0.0,0.0,0.0,0.0,0.039342701015627334,0.0,0.026928617573236776,0.2000000011128284,0.0,0.15425779560289338,0.0
2021-11-30,0.1500000012939855,0.20000000194366843,0.03292876927431897,0.0,0.12335573663531225,0.15000000086925255,0.0,0.0,0.0,0.03853521296956002,0.0,0.10518027498575655,0.2000000020281457,0.0,0.0,0.0
2021-12-31,0.14999999989761723,0.17336656470924264,0.03782956514376897,0.0,0.0013186362941576938,0.17663343514373553,0.0,0.0,0.0,0.09059396784435177,0.0,0.07290107426717626,0.20000000003334326,0.04489097683062176,0.052465779835984966,0.0
2022-01-31,0.15000000009749478,0.10312351441488746,0.19985057121719896,0.0,0.0,0.07504764428491319,0.0,0.0,0.0,0.09237615131087568,0.0,0.0,0.20000000026616016,0.04907140638695162,0.13053071202151814,0.0
2022-02-28,0.1500000000789956,0.1100977908824696,0.10608675878914083,0.0,0.0,0.0,0.0,0.0,0.0,0.0,0.0,0.0,0.20000000023057612,0.13015834549891947,0.16612863882790044,0.13752846569199795
2022-03-31,0.1927603483465096,0.0,0.07201102780952445,0.145432013641521,0.0060760910200594485,0.0,0.0,0.0,0.0,0.0,0.0,0.017695879177036366,0.15723965162485457,0.12927134857070768,0.19057186987338195,0.08894176993640497
2022-04-29,0.19999999898288473,0.0,0.1315695198737413,0.0,0.0,0.0,0.0,0.0,0.032949160378486206,0.0,0.0,0.0,0.08935590296523761,0.2000000001293511,0.18039525427701075,0.1657301633932883
2022-05-31,0.15330151779412257,0.0,0.14006405613012085,0.05425455416575708,0.0,0.0,0.0,0.0,1.1592655401779919e-07,0.0,0.0,0.0,0.07563686129363244,0.20000000263818352,0.176742890135087,0.20000000191654252
2022-06-30,0.07406906697110442,0.0,0.03378784080676668,0.04007984069762139,0.0,0.0,0.04284370740885791,0.0,0.1821683022856611,0.0,0.0,0.018477270444377972,0.05170141670741192,0.1568725544728582,0.2000000000965685,0.20000000010877192
2022-07-29,0.15288027047541755,0.0,0.0,0.07411408354834244,0.06868378919932412,0.0,0.07087244664634723,0.0,0.19999999625436177,0.0,0.0,0.0026376248937046896,0.030811787220189256,0.0,0.2000000008827585,0.2000000008795544
2022-08-31,0.0040035069777325395,0.0,0.0,0.13360911566742031,0.1404709920139752,0.0,0.0,0.0,0.19898481102202273,0.0,0.0,0.1229315739090541,0.0,0.0,0.20000000020044623,0.20000000020934897
2022-09-30,0.025835172611944374,0.0,0.0,0.15000000002008765,0.10532927524065493,0.0,0.14999999951114434,0.0,0.07108593136663763,0.0,0.0,0.09774962119884897,0.0,0.0,0.2000000000255109,0.20000000002517127
2022-10-31,0.03356981474578028,0.0,0.0,0.1500000002483773,0.13433477772161945,0.0,0.1500000001988401,0.0,0.13209540649327003,0.0,0.0,0.0,0.0,0.0,0.200000000270423,0.20000000032168985
2022-11-30,0.0,0.0,0.0,0.15000000001325167,0.12966498082724995,0.0,0.15000000004997285,0.0,0.17033500011705152,0.0,0.0,1.8894008891568563e-08,0.0,0.0,0.20000000003476898,0.2000000000636962
2022-12-30,0.0,0.0,0.0,0.15000000012220716,0.004447649546398359,0.06712990231130796,0.15000000009363246,0.0,0.19999999462364987,0.0,0.0,0.0,0.0,0.028422453000582007,0.20000000014839237,0.20000000015382985
2023-01-31,0.0,0.0,0.0,0.15000000190788068,0.016866480014905733,0.03299900082791094,0.0,0.0,0.20000000153683362,0.05213306826286001,0.0,0.0,0.029764217314712287,0.11823722630734358,0.2000000017824737,0.2000000020450796
2023-02-28,0.0,0.0,0.0,0.14999999998785432,0.0,0.0,0.0,0.0,0.20000000002047755,0.13957628774797887,0.0,0.0,0.06978437060165205,0.040639341591946994,0.2000000000119623,0.20000000003812793
2023-03-31,0.0,0.0,0.0,0.150000000018927,0.0,0.0,0.0,0.0,0.1999999999688888,0.0,0.0,0.0,0.16574531391182734,0.11754405254876185,0.16671063351554843,0.20000000003604662
2023-04-28,0.0,0.0,0.0,0.1500000004440421,0.0,0.0,0.0,0.0,0.1500000005574186,0.008153373868358545,0.0,0.0,0.1317361517728103,0.2000000004356358,0.16011047233104786,0.20000000059068682
2023-05-31,0.019609411848848558,0.0,0.0,0.1499999999823872,0.0,0.0,0.0,0.0,0.12828777916949666,0.0,0.0,0.0,0.20000000001174048,0.17311315301433616,0.12898965595117504,0.20000000002201584
2023-06-30,0.0,0.0,0.0,0.15000000008846115,0.0,0.0,0.0,0.0,0.14041784663503504,0.011615623359264532,0.0,0.0,0.1999877913008022,0.1999999998555389,0.09797873873240655,0.20000000002849172
2023-07-31,0.0,0.0,0.0,0.15000000010946601,0.0,0.0,0.0,0.0,0.0646142065998735,0.01117522300656231,0.0,0.0,0.2000000000799905,0.20000000009730298,0.1742105700223837,0.20000000008442095
2023-08-31,0.0,0.0,0.05248421151930467,0.15000000002130323,0.0,0.0,0.0,0.0,0.1297289371118905,0.0,0.0,0.0,0.19999999973907534,0.19999999989416736,0.06778685170318444,0.20000000001107457
2023-09-29,0.0,0.0,0.0701405185713262,0.15000000038835176,0.0,0.0,0.0,0.0,0.09449033017939087,0.0,0.0,0.0,0.19999911092746667,0.08537003998031166,0.19999999961472886,0.20000000033842397
2023-10-31,0.0,0.0,0.0,0.149999999624975,0.0,0.0,0.0,0.0,2.6521290036294488e-08,0.04999999461474473,0.0,0.0,0.1999999955467235,0.19999998591529183,0.1999999972617037,0.20000000051527123
2023-11-30,0.0,0.0,0.05259720511010032,0.14362318681237582,0.0,0.0,0.0,0.0,0.038825675956008124,0.1975868797999295,0.0,0.0,0.11869828806477603,0.04866876426120793,0.19999999999407767,0.2000000000015246
2023-12-29,0.0,0.0,0.19999999993308337,0.1499999996199248,0.0,0.0,0.0,0.0,0.040247552970307736,0.12866316886313864,0.0,0.0,0.19999999977148447,0.0,0.08108927816767804,0.20000000067438295
2024-01-31,0.0,0.0,0.20000000028657708,0.0,0.0,0.0,0.0,0.0,0.0,0.19526805059679614,0.019613601849760333,0.0,0.20000000040869859,0.0,0.18511834647230635,0.20000000038586158
2024-02-29,0.0,0.0,0.20000000000010962,0.0,0.0,0.001016405259688348,0.15124775460087428,0.0031524114340021328,0.0,0.1999999999978127,0.011275028506031,0.0,0.20000000000196394,0.027518373766967832,0.00579002643770488,0.19999999999484527
2024-03-28,0.0,0.0,0.1999999988250991,0.0,0.0,0.0,0.0,0.19452612062834396,0.0,0.19999999954561326,0.0,0.0,0.20000000089822448,0.005473897048719201,0.0,0.19999998305399994
2024-04-30,0.0,0.0,0.13742601314544747,0.0,5.332258210320814e-08,0.0,0.0,0.1999999992489687,0.0,0.1999999954209103,0.0,0.0,0.2000000010794809,0.06257394077070055,0.0,0.19999999701190999
2024-05-31,0.0,0.0,0.14050191609707044,0.0,0.039609117671682015,0.0,0.0,0.20000000003175686,0.0,0.04870367446007101,0.0582551284296259,0.0,0.2000000000590297,0.199999999974094,0.0,0.11293016327667013
2024-06-28,0.0,0.0,0.14207361115342348,0.0,0.0,0.0,0.0,0.20000000033484086,0.0,0.11229986832689748,0.03501685887614626,0.0,0.20000000036912655,0.2000000003184769,0.0,0.11060966062108842
2024-07-31,0.0,0.0,0.16666035612883418,0.0,0.02543435382301822,0.0,0.0,0.20000000000861684,0.0,0.18454521365117688,0.0,0.0,0.20000000001943552,0.08243265901750864,0.05203362017942112,0.08889379717198863
2024-08-30,0.0,0.0,0.12370510169092078,0.0,0.0,0.0,6.690251140123968e-07,0.200000000587432,0.036504390349050585,0.1999999990949218,0.0,0.0,0.2000000007845592,0.19999999581681074,0.03978984265119094,0.0
2024-09-30,0.0,0.0,0.16504017972137028,0.0,0.0,0.0,0.0,0.19999998533937696,0.12701122326838735,0.0949836774101617,0.0,0.0,0.20000000062955345,0.19999991504299708,0.01294421493050246,2.080365765065183e-05
2024-10-31,0.0,2.287395259284106e-08,0.10734359967258,0.0,0.0033924307251595974,0.0,0.0,0.20000000102304774,0.07858552615955522,0.16253581948982865,0.006751070268455546,0.0,0.20000000131207277,0.2000000009622419,0.04139152751310606,0.0
2024-11-29,0.05295845905349374,0.09081172544984843,0.07783699000480694,0.0,0.0,0.0,0.0,0.2000000001216336,0.04028414157532602,0.012441895486052842,0.0,0.0,0.2000000001482852,0.20000000012577687,0.09954383090476825,0.026122957130008014
2024-12-31,0.1499999967482813,0.153442984353932,0.0,0.0,0.0418203936428321,0.0,0.0,0.20000000041115754,0.001485186995948121,0.0,0.0,0.0,0.2000000012097359,0.20000000014846908,0.02604651652850685,0.02720491996113715
2025-01-31,0.06588866750141112,0.1255406493866643,0.0,0.0,0.07093080444269076,0.0,0.0,0.19999999997890833,0.08258932920016701,4.4459416714401195e-05,0.0,0.0,0.19707954586702242,0.199999999900633,0.05792654430578876,0.0
2025-02-28,0.059326084565697726,0.10885432105584184,0.0,0.0,0.0,0.0,0.10343405341346511,0.20000000202122334,0.1500000305082127,0.0,0.0,0.0,0.17838553755432812,0.19999997088123111,0.0,0.0
2025-03-31,0.0,0.08868409313785529,0.0,0.0,0.0,0.0,0.1313311177522179,0.20000000273325874,0.1796026411739473,0.0,0.0,0.0,0.17431178052291654,0.1693179522084922,0.01017082660636418,0.046581585864947816
2025-04-30,0.0,0.08924754807545104,0.0,0.0,0.02776058179677989,0.03725333842112672,0.09573853875553562,0.20000000002966214,0.1999999999433291,0.0,0.0,0.0,0.20000000003410193,0.1499999929440136,0.0,0.0
2025-05-30,0.0,0.02855271933611138,0.028071070266105374,0.0,0.09075120344713514,0.0,0.10262500571602254,0.2000000004314153,0.1999999998458112,0.0,0.0,0.0,0.20000000034049936,0.15000000061689955,0.0,0.0
2025-06-30,0.0,0.0,0.01734452336419754,0.0,0.15000000161047922,0.0,0.05407175401405108,0.20000000188309486,0.2000000021234314,0.0,0.028583713132926663,0.0,0.20000000217407443,0.15000000169774472,0.0,0.0
2025-07-31,0.0,0.00023487624638735916,0.03747377638236874,0.0,0.15000000002435085,0.0,0.06213091141982938,0.20000000003622084,0.20000000000142792,0.0,0.11724771793999904,0.0,0.20000000005289995,0.03291271789651591,0.0,0.0
2025-08-29,0.0,0.0,0.0,0.0,0.1500000007820248,0.0,0.19999999434352783,0.20000000034010706,0.20000000054453282,0.0,0.03180090112053966,0.0,0.2000000006042911,0.01819910226497662,0.0,0.0
2025-09-30,0.0,0.0,0.0,0.0,0.15000000013715248,0.0,0.2000000001782581,0.2000000001286837,0.20000000003048393,0.0,0.023297074442661048,0.019343880059291853,0.20000000013037206,0.00735904489309679,0.0,0.0
2025-10-31,0.0,0.0,0.09318426967244219,0.0,0.04510288438646016,0.0,0.20000000008345598,0.19999999831023058,0.19999999981628408,0.0,0.0,0.07607434736993349,0.18563850036119364,0.0,0.0,0.0
2025-11-28,0.0,0.0,0.13017983258345434,0.0,0.05300434615977416,0.0,0.1999999999213416,0.15077072962374266,0.19999999981478603,0.0,0.0,0.1073704567270937,0.15867463516980762,0.0,0.0,0.0
2025-12-31,0.0,0.0,0.04421074692864783,0.0,0.13837527606598032,0.0,0.2000000003024214,0.1274560203604138,0.20000000011414726,0.0,0.0,0.09338233611995402,0.19657562010843538,0.0,0.0,0.0
2026-01-30,0.0,0.0,0.0960849598851661,0.0,0.19999881098924155,0.0,0.20000000046251587,0.0,0.20000000042997318,0.0,0.0,0.11784780733045414,0.14241378682268335,0.0,0.0,0.04365463407996584
2026-02-27,0.0,0.0,0.149298415665797,0.0,0.12603997823059085,0.0,0.20000000086571781,0.0,0.19999999982388195,0.0,0.0,0.15365715861017937,0.10023200720715672,0.0,0.0,0.07077243959667627
2026-03-31,0.0,0.0,0.0834579654504714,0.0,0.16310817856128976,0.0,0.20000000001550827,0.0,0.19999999999565798,0.0,0.0,0.11969991051701723,0.08994173856689004,0.0,0.0,0.14379220689316533
2026-04-30,0.0,0.0,0.1999999997676485,0.0,0.11602119044981969,0.0,0.2000000000937388,0.0,0.2000000000900386,0.0,0.0,0.11588581880813519,0.11810465764682872,0.0,0.0,0.049988333143790545
2026-05-29,0.040575453892168024,2.2734081090368324e-08,0.19999999478445618,0.0,0.17103689278237616,0.0,0.2000000000711729,0.0,0.19999999993698117,0.0,0.0,0.0038768026647459045,0.082156014144281,0.0,0.0,0.10235481898973754
2026-06-30,0.0,0.0,0.2000000004415671,0.0,0.19999999990818998,0.0,0.20000000044541555,0.0,0.20000000043829863,0.0,0.0,0.06491035718673062,0.03739946321406152,0.0,0.002043421512026883,0.09564675685370977
2026-07-31,0.0,0.04850064117206836,0.19118134379444574,0.0,0.11648551565617887,0.0,0.20000000007556742,0.02884344694623354,0.2000000000726211,0.0,0.0,0.0020068027602969467,0.05394499523516887,0.0,0.0,0.1590372542874192
2026-08-31,0.0,0.024231296192869005,0.17894116102327706,0.12768433097361598,0.10994750974174905,0.0,0.20000000004459947,0.0,0.20000000004142554,0.0,0.057658283551682954,0.0,0.0449472858963147,0.0,0.0,0.05659013253446633
2026-09-11,0.0,0.0042167797056737195,0.1723391429313755,0.18263186445820953,0.08835124380399709,0.0,0.20000000077609598,0.0,0.20000000057765893,0.0,0.03361837928182642,0.0,0.08546776772821524,0.0,0.0,0.03337482073694768
